source,target,relationship_type,myth_summary
zeus,metis,marriage,"As Zeus's first wife, she was swallowed by him to prevent a prophecy. From within him, she gave birth to their daughter, Athena."
zeus,themis,marriage,"She was Zeus's second wife. Their union produced the Horae (the Seasons) and the Moirai (the Fates), who embodied cosmic and social order."
zeus,eurynome,marriage,"As Zeus's third consort, she became the mother of the Charites (the Graces), the goddesses of beauty, charm, and grace."
zeus,demeter,marriage,"Their union produced a daughter, Persephone, who later became the unwilling Queen of the Underworld."
zeus,mnemosyne,marriage,"After they lay together for nine consecutive nights, she gave birth to the nine Muses, the goddesses who inspire the arts and sciences."
zeus,leto,marriage,"She was pursued by a jealous Hera during her pregnancy with Zeus's children. On the island of Delos, she gave birth to the twin gods Apollo and Artemis."
zeus,hera,marriage,"As Zeus's sister and final wife, their marriage was foundational to Greek myth but was famously tumultuous due to his constant infidelity and her resulting jealousy."
zeus,maia,affair,"In a secret affair within a deep cave, she conceived and gave birth to Zeus's son, Hermes, the swift messenger god."
zeus,semele,affair,"Tricked by a disguised Hera, she asked to see Zeus in his true divine form and was incinerated. Zeus saved their unborn child, Dionysus, the god of wine."
zeus,europa,affair_abduction,"Zeus, disguised as a gentle white bull, abducted her and carried her to Crete, where she bore him sons, including the legendary King Minos."
zeus,leda,affair_deception,Zeus approached her in the guise of a swan. This encounter led to her laying eggs from which Helen of Troy and the demigod Pollux hatched.
zeus,danae,affair,"Zeus visited her as a shower of golden rain, leading to the conception of their son, the hero Perseus."
zeus,io,affair,"To hide their affair, Zeus transformed her into a white heifer. She was tormented by Hera's gadfly and wandered the earth before being restored."
zeus,callisto,affair_deception,"Zeus tricked her by disguising himself as Artemis. After bearing their son, Arcas, she was turned into a bear and later became the constellation Ursa Major."
zeus,ganymede,affair,"Zeus, in the form of an eagle, abducted him to be the immortal cupbearer for the gods, making him his youthful male lover on Olympus."
zeus,aegina,affair_abduction,"Zeus assumed the form of an eagle to abduct her. Their son, Aeacus, became a king so just he was made a judge of the dead in the Underworld."
zeus,alcmene,affair_deception,"Zeus disguised himself as her husband to seduce her. This union resulted in the birth of the celebrated hero, Heracles."
zeus,athena,parent_of,"After swallowing Metis, Zeus suffered a great headache, and Athena sprang forth from his forehead, fully grown."
metis,athena,parent_of,"Though swallowed by Zeus, Metis was the mother of Athena, whom she nurtured within Zeus's mind."
zeus,horae,parent_of,"With Themis, Zeus fathered the Horae, who maintained the order of the natural world."
themis,horae,parent_of,"As the mother of the Horae, Themis imbued them with her principles of divine law and order."
zeus,moirai,parent_of,"Themis also bore the Moirai to Zeus, making him the ultimate enforcer of destiny."
themis,moirai,parent_of,"As mother of the Fates, Themis connected her domain of divine law to the inescapable power of destiny."
zeus,charites,parent_of,"Zeus and Eurynome's union produced the Charites, the personifications of grace and beauty."
eurynome,charites,parent_of,"As the mother of the Graces, the sea-goddess Eurynome brought forth the joy and charm that beautified the world."
zeus,persephone,parent_of,"Zeus fathered Persephone with his sister Demeter, creating a powerful link between Olympus and the earth's fertility."
demeter,persephone,parent_of,"Demeter's deep love for her daughter Persephone was so great that her grief at Persephone's abduction created the seasons."
zeus,muses,parent_of,"Zeus lay with Mnemosyne for nine nights, resulting in the birth of the nine Muses, the patrons of human creativity."
mnemosyne,muses,parent_of,"As the goddess of Memory, Mnemosyne gave birth to the Muses, linking memory to artistic inspiration."
zeus,apollo,parent_of,"Apollo, the god of prophecy and music, was one of the most powerful and revered of Zeus's many divine children."
leto,apollo,parent_of,"Leto endured a harsh persecution by Hera before she could give birth to her glorious son, Apollo."
zeus,artemis,parent_of,"Artemis, goddess of the hunt, was fiercely independent and a skilled archer, much like her twin brother Apollo."
leto,artemis,parent_of,"Leto's daughter Artemis was born first and, according to some myths, immediately helped her mother deliver her twin, Apollo."
zeus,hermes,parent_of,"Hermes, the messenger god, was one of the most clever and mischievous of Zeus's offspring."
maia,hermes,parent_of,"The gentle nymph Maia gave birth to Hermes in secret, but his precocious nature was revealed within hours of his birth."
zeus,dionysus,parent_of,"After Semele's death, Zeus stitched their unborn son Dionysus into his own thigh, carrying him to term."
semele,dionysus,parent_of,"The mortal princess Semele conceived Dionysus, making him the only Olympian god with a mortal mother."
zeus,minos,parent_of,"Minos was one of three sons born to Europa after Zeus, disguised as a bull, abducted her."
europa,minos,parent_of,"After being carried to Crete, the Phoenician princess Europa gave birth to Minos, who would become its legendary king."
zeus,helen,parent_of,"Helen of Troy, whose beauty launched a thousand ships, was hatched from an egg as a result of Zeus's union with Leda."
leda,helen,parent_of,"As Queen of Sparta, Leda laid the eggs from which hatched both the divine children of Zeus and her mortal children."
zeus,pollux,parent_of,"Pollux, the demigod twin, was the immortal son of Zeus, contrasted with his mortal twin, Castor."
leda,pollux,parent_of,"Leda was the mother of the Dioscuri, the twin brothers Pollux and Castor, who had different fathers."
zeus,perseus,parent_of,"Perseus, the heroic slayer of Medusa, was conceived when Zeus visited his imprisoned mother as a shower of gold."
danae,perseus,parent_of,"The princess Danae was locked away to prevent a prophecy but became pregnant with the hero Perseus by Zeus."
zeus,epaphus,parent_of,"Epaphus was the son born to Io after Zeus finally restored her to human form in Egypt."
io,epaphus,parent_of,"After her long torment as a heifer, Io found peace and gave birth to her son by Zeus, Epaphus."
zeus,arcas,parent_of,"Arcas, the son of the nymph Callisto, became the eponym and king of Arcadia."
callisto,arcas,parent_of,"After giving birth to Arcas, the nymph Callisto was transformed into a bear by a jealous Hera or a vengeful Artemis."
zeus,aeacus,parent_of,"Aeacus, son of the nymph Aegina, was a king known for his piety and justice."
aegina,aeacus,parent_of,"The nymph Aegina was abducted by Zeus and gave birth to Aeacus on an island that was later named after her."
zeus,heracles,parent_of,"Heracles, the greatest of Greek heroes, was the product of Zeus's deception of the virtuous Alcmene."
alcmene,heracles,parent_of,"The Theban noblewoman Alcmene was tricked by Zeus, who appeared in the guise of her own husband."
zeus,ares,parent_of,"Ares was the son of Zeus and his wife Hera, and the Olympian god of war."
hera,ares,parent_of,"Unlike many of Zeus's children, Ares was the legitimate son of Hera, though their relationship was often strained."
zeus,hephaestus,parent_of,"Hephaestus, the master craftsman, was the son of Zeus and Hera."
hera,hephaestus,parent_of,"Hera was the mother of Hephaestus. In some myths, she produced him parthenogenetically out of jealousy for Zeus's birth of Athena."